user_id,login_time,login_place
用户3,2020/2/11 21:30,中国
用户3,2020/3/20 11:20,捷克
用户1098,2018/11/29 15:52,英国
用户1842,2019/6/7 19:50,挪威
用户2573,2019/2/10 19:08,德国
用户3712,2019/3/8 18:36,波兰
用户4036,2019/3/13 21:09,荷兰
用户9570,2019/4/22 23:36,泰国
用户12313,2019/8/9 15:24,南非
用户15110,2019/9/5 21:45,瑞典
用户19782,2020/2/4 0:28,瑞士
用户20335,2019/12/11 22:35,希腊
用户30144,2020/3/8 16:37,越南
用户3,2020/2/11 21:30,中国
用户3,2020/3/20 11:20,捷克
用户1098,2018/11/29 15:52,英国
用户1842,2019/6/7 19:50,挪威
用户2573,2019/2/10 19:08,德国
用户3712,2019/3/8 18:36,波兰
用户4036,2019/3/13 21:09,荷兰
用户9570,2019/4/22 23:36,泰国
用户12313,2019/8/9 15:24,南非
用户15110,2019/9/5 21:45,瑞典
用户19782,2020/2/4 0:28,瑞士
用户20335,2019/12/11 22:35,希腊
用户30144,2020/3/8 16:37,越南
用户3,2020/2/11 21:30,中国
用户3,2020/3/20 11:20,捷克
用户1098,2018/11/29 15:52,英国
用户1842,2019/6/7 19:50,挪威
用户2573,2019/2/10 19:08,德国
用户3712,2019/3/8 18:36,波兰
用户4036,2019/3/13 21:09,荷兰
用户9570,2019/4/22 23:36,泰国
用户12313,2019/8/9 15:24,南非
用户15110,2019/9/5 21:45,瑞典
用户19782,2020/2/4 0:28,瑞士
用户20335,2019/12/11 22:35,希腊
用户30144,2020/3/8 16:37,越南
